ref,contact_email,enrolled_on,plan_tier,referral_code,opt_in
SGN-0-000000,digeve42@delta-post.net,17-04-2025,scale,GZSSMWGC,no
,kobole39@corvus.org,15-01-2025,scale,UHGLXEJJ,yes
SGN-0-000002,demopi79@brightmail.dev,01-01-2025,growth,XBRBA00L,no
SGN-0-000003,felalo24@eastwind.co,07-07-2024,growth,,yes
SGN-0-000004,nuvoge39@brightmail.dev,28-09-2024,starter,,no
SGN-0-000005,rekabu95@arcline.io,18-05-2025,scale,TTHWYBK0,yes
SGN-0-000006,gigigu13@corvus.org,11-10-2025,starter,L9SCYE4P,no
SGN-0-000007,voduni22@corvus.org,15-07-2024,growth,PMDMRJ9W,yes
SGN-0-000008,totume37@arcline.io,19-02-2025,scale,W6N49NF5,no
SGN-0-000009,kovusu10@brightmail.dev,09-10-2024,starter,,yes
SGN-0-000010,gomude25@arcline.io,13-12-2025,growth,,no
SGN-0-000011,litoru47@brightmail.dev,23-08-2025,starter,SCJXXVE7,no
SGN-0-000012,puradu39@arcline.io,23-04-2024,growth,PQQ00PO7,no
SGN-0-000013,bubizi57@eastwind.co,24-06-2025,scale,,no
SGN-0-000014,@arcline.io,06-01-2024,growth,,yes
SGN-0-000015,sadako24@delta-post.net,26-05-2025,scale,5YKQI11A,yes
SGN-0-000016,dosoro74@corvus.org,28-10-2025,scale,,yes
SGN-0-000017,fuvote72@delta-post.net,11-09-2025,scale,,no
SGN-0-000018,sifevu37@corvus.org,22-10-2025,scale,8NK9N3W6,yes
SGN-0-000019,vuzane83@eastwind.co,02-06-2024,scale,WFOASXPF,yes
SGN-0-000020,tacafe88@arcline.io,11-05-2025,scale,3MYKYCUU,no
SGN-0-000021,vamona88@eastwind.co,09-09-2024,scale,GW930XSL,no
SGN-0-000022,nufote48@eastwind.co,10-05-2025,starter,,yes
SGN-0-000023,cakene16@arcline.io,10-03-2025,scale,QSS94GAE,yes
SGN-0-000024,pizago94@delta-post.net,05-10-2024,growth,,yes
SGN-0-000025,romini91@delta-post.net,27-02-2024,starter,,no
SGN-0-000026,fefodi14@brightmail.dev,03-11-2025,starter,R4NZ5YN2,no
SGN-0-000027,golova55@brightmail.dev,10-12-2025,starter,R7SUGODM,yes
SGN-0-000028,torivu67@brightmail.dev,23-12-2024,starter,M3ICNDAE,yes
SGN-0-000029,lodibu53@delta-post.net,16-04-2025,scale,,yes
SGN-0-000030,vukovu59@arcline.io,25-12-2024,starter,,yes
SGN-0-000031,cuvuve46@eastwind.co,08-07-2025,growth,JJKZZS5T,no
SGN-0-000032,pavura17@corvus.org,06-02-2024,growth,F6H3ZU40,yes
SGN-0-000033,vasula50@corvus.org,28-04-2025,starter,NE3FPJKY,no
SGN-0-000034,natode27@corvus.org,16-01-2025,growth,QOY8DU1F,no
SGN-0-000035,nanuve34@delta-post.net,21-11-2025,scale,T2VLEKNF,yes
SGN-0-000036,zalono26@delta-post.net,08-01-2025,scale,,no
SGN-0-000037,kikuke36@eastwind.co,22-01-2024,growth,VZOJEHGX,no
SGN-0-000038,siviba43@eastwind.co,08-09-2024,scale,SMP1RWQ0,no
SGN-0-000039,topase34@eastwind.co,12-07-2025,starter,6OQAU2DL,no
SGN-0-000040,lucame19@arcline.io,22-09-2025,scale,3H3JP3KN,no
SGN-0-000041,guvetu22@corvus.org,05-10-2025,scale,47FZEJFK,no
SGN-0-000042,lafigi45@corvus.org,25-02-2025,starter,,yes
SGN-0-000043,gamufi28@eastwind.co,26-04-2025,scale,Q1XH6H29,yes
SGN-0-000044,zefela66@arcline.io,02-07-2024,starter,1SO39RUO,yes
SGN-0-000045,biduve87@corvus.org,18-01-2025,growth,O8KWH3SX,no
SGN-0-000046,sebeco22@brightmail.dev,22-10-2024,scale,,yes
SGN-0-000047,supumi74@eastwind.co,21-04-2024,starter,GF2Y6DSO,no
SGN-0-000048,tugafo88@arcline.io,01-04-2025,growth,,no
SGN-0-000049,cibevo98@arcline.io,12-08-2024,scale,ZZJ8SL34,yes
SGN-0-000050,valese37@corvus.org,09-01-2024,scale,,yes
SGN-0-000051,kazema84@delta-post.net,15-12-2024,starter,,yes
SGN-0-000052,vetusu11@arcline.io,08-05-2024,growth,,yes
SGN-0-000053,fefoba17@arcline.io,03-02-2025,growth,,no
SGN-0-000054,dodive30@corvus.org,09-09-2024,starter,,no
SGN-0-000055,fevino52@brightmail.dev,04-01-2024,scale,,yes
SGN-0-000056,pepuli87@eastwind.co,07-04-2025,scale,D4YJV8IP,no
SGN-0-000057,nucoti17@delta-post.net,08-04-2025,starter,01JKEYKQ,yes
SGN-0-000058,cof utu94@eastwind.co,01-04-2025,starter,DQFBXL6P,yes
SGN-0-000059,rusuno18@eastwind.co,08-06-2025,growth,,no
SGN-0-000060,pocifi70@@corvus.org,22-09-2024,scale,,no
SGN-0-000061,tasuza48@corvus.org,03-05-2025,scale,,no
SGN-0-000062,gemena63@delta-post.net,02-02-2024,scale,I6SF8N61,yes
SGN-0-000063,buluvu64@eastwind.co,17-04-2024,scale,,no
SGN-0-000064,rafipu81@arcline.io,26-04-2025,starter,V89W2N3X,yes
SGN-0-000065,fobive22@delta-post.net,05-06-2025,scale,,yes
SGN-0-000066,nevaga28@eastwind.co,02-05-2024,starter,B8ZJFOHH,no
SGN-0-000067,tiromi76@corvus.org,21-02-2024,growth,,yes
SGN-0-000068,pukigi23@arcline.io,24-01-2024,scale,PC3AYK55,no
SGN-0-000069,besole42@brightmail.dev,08-05-2025,growth,,no
SGN-0-000070,zuvima25@eastwind.co,16-01-2025,scale,6G5DZ07F,yes
SGN-0-000071,lakaso45@corvus.org,25-09-2025,scale,,no
SGN-0-000072,rapoku89@delta-post.net,22-06-2025,scale,,yes
SGN-0-000073,bicogu43@brightmail.dev,20-04-2025,scale,ZAHXMTOJ,yes
SGN-0-000074,vezuku85@corvus.org,04-09-2025,scale,,no
SGN-0-000075,lopare45@eastwind.co,21-09-2024,starter,,no
SGN-0-000076,tedofa86@eastwind.co,22-12-2024,scale,,no
SGN-0-000077,loteve32@arcline.io,02-09-2024,starter,,yes
SGN-0-000078,pilibo21@brightmail.dev,08-11-2024,growth,3RMJESBE,no
SGN-0-000079,zokeke71@brightmail.dev,16-06-2025,growth,NMK1Z5EW,no
SGN-0-000080,furedu81@eastwind.co,01-02-2025,starter,KEVHSDQJ,no
SGN-0-000081,turubo79@brightmail.dev,03-03-2025,starter,,yes
SGN-0-000082,locuvo56@corvus.org,01-06-2025,starter,ZR50VSB2,no
SGN-0-000083,lirace70@eastwind.co,15-03-2024,scale,YJ8PLHE5,no
SGN-0-000084,lelusa56@eastwind.co,08-12-2025,scale,32H634FT,yes
SGN-0-000085,pamave45@corvus.org,02-12-2024,growth,,no
SGN-0-000086,resoso85@brightmail.dev,11-02-2024,starter,YLLRXCOU,no
SGN-0-000087,cadano59@brightmail.dev,05-04-2025,starter,,no
SGN-0-000088,rofovo11@brightmail.dev,19-06-2024,starter,,yes
SGN-0-000089,depusa79@brightmail.dev,11-05-2025,growth,09ZAK6VA,no
SGN-0-000090,conuzi49@arcline.io,03-03-2025,scale,SM8GW9J9,no
SGN-0-000091,fusoso69@eastwind.co,25-01-2025,scale,,no
SGN-0-000092,peginu56@delta-post.net,25-06-2024,starter,TFEVI1JV,yes
SGN-0-000093,magova55@corvus.org,12-06-2025,starter,,yes
SGN-0-000094,rakomu87@@eastwind.co,23-09-2025,scale,,no
SGN-0-000095,zimino66@brightmail.dev,24-03-2024,growth,ZV702WPG,yes
SGN-0-000096,punoku89@arcline.io,28-05-2024,starter,,yes
SGN-0-000097,pupata88@delta-post.net,06-06-2025,scale,,no
SGN-0-000098,ceteme27@brightmail.dev,07-07-2025,growth,9E72W98W,yes
SGN-0-000099,vimeto84@delta-post.net,17-10-2025,growth,4F95SIB4,yes
SGN-0-000100,mipacu81@arcline.io,01-07-2024,growth,IIL2YU65,yes
SGN-0-000101,minecu56@brightmail.dev,19-02-2025,growth,,no
SGN-0-000102,bucagi95@delta-post.net,04-09-2025,scale,,no
SGN-0-000103,furavi71@delta-post.net,13-07-2025,growth,97JZGNCU,yes
SGN-0-000104,kisana87@delta-post.net,24-08-2024,starter,B0GRGO6V,yes
SGN-0-000105,pugelo25@delta-post.net,13-02-2025,growth,JZIKS7OE,no
SGN-0-000106,fukave11@arcline.io,19-05-2024,scale,,yes
SGN-0-000107,lasefu36@delta-post.net,09-03-2025,scale,VXW91LT2,no
SGN-0-000108,gepifa27@arcline.io,13-02-2024,growth,KU2ZCXXX,yes
SGN-0-000109,dokuko96@eastwind.co,28-08-2024,starter,58ZACNCU,yes
SGN-0-000110,zupave13@delta-post.net,03-04-2025,scale,K31ST1K3,no
SGN-0-000111,seloza69@corvus.org,02-12-2024,scale,3LXTS9FH,yes
SGN-0-000112,nidoco23@corvus.org,26-08-2025,scale,,no
SGN-0-000113,vorare36@eastwind.co,09-04-2024,scale,HOD6NAA9,yes
SGN-0-000114,gunipa55@intranet,11-04-2025,growth,PQYQN30E,yes
SGN-0-000115,lunure56@delta-post.net,01-08-2024,growth,,yes
SGN-0-000116,sipusa98@arcline.io,24-01-2025,growth,ZS62AIPZ,no
SGN-0-000117,kikelu33@arcline.io,19-05-2025,growth,,yes
SGN-0-000118,zuvepo97@delta-post.net,23-08-2025,growth,JP0I4QUO,no
SGN-0-000119,gocinu78@intranet,05-04-2024,scale,6KYJ56R7,yes
SGN-0-000120,cuvopu46@eastwind.co,14-01-2024,starter,K63S111M,yes
SGN-0-000121,napifo37@eastwind.co,02-12-2025,starter,KNSDVOXK,yes
SGN-0-000122,supabu20@delta-post.net,27-05-2024,scale,CCI2L5PP,no
SGN-0-000123,laziti69@eastwind.co,23-03-2025,scale,,no
SGN-0-000124,pitifi35@arcline.io,23-03-2024,growth,GCKIVWUE,yes
SGN-0-000125,lavica55@eastwind.co,09-09-2024,starter,SYCV6AUQ,yes
SGN-0-000126,pecipi96@corvus.org,01-05-2025,growth,82YWBJSV,yes
SGN-0-000127,zapibo22@delta-post.net,02-11-2025,growth,,no
SGN-0-000128,sobune78@brightmail.dev,22-08-2024,scale,,no
SGN-0-000129,zivabo18@brightmail.dev,14-06-2025,scale,,no
SGN-0-000130,gutaba93@delta-post.net,28-12-2024,growth,,yes
SGN-0-000131,cic ile94@corvus.org,22-08-2025,scale,FKELTRKY,no
SGN-0-000132,motezo55@eastwind.co,25-04-2024,growth,8OEVYXVD,no
SGN-0-000133,fuvone91@corvus.org,17-07-2024,scale,,yes
SGN-0-000134,mapodi27@eastwind.co,17-02-2025,growth,8MKKA2ZM,no
SGN-0-000135,lemanu87@brightmail.dev,01-10-2024,scale,C6PAW7FG,yes
SGN-0-000136,kacesa84@brightmail.dev,12-04-2024,growth,9AUA6VBF,no
SGN-0-000137,serumo34@brightmail.dev,17-09-2025,starter,4J7P6736,no
SGN-0-000138,fikiza31@delta-post.net,25-06-2025,starter,,no
SGN-0-000139,cesuzo97@arcline.io,05-12-2025,growth,Q7GI5PPZ,yes
SGN-0-000140,ginura45@delta-post.net,08-07-2024,growth,,yes
SGN-0-000141,vafinu52@eastwind.co,16-07-2024,scale,LYMC92NX,yes
SGN-0-000142,zazevo78@eastwind.co,08-09-2024,starter,VA3Q6LYW,yes
SGN-0-000143,pavuki86@eastwind.co,19-07-2025,starter,3LGXOEWQ,yes
SGN-0-000144,vokobu46@eastwind.co,02-08-2025,growth,59GLK015,no
SGN-0-000145,setopi33@eastwind.co,13-05-2024,starter,0BI7T0ZY,no
SGN-0-000146,fumiva21@delta-post.net,07-12-2025,starter,LF1D77D9,yes
,mirozu12@corvus.org,14-10-2025,growth,,no
SGN-0-000148,keguka89@brightmail.dev,26-07-2025,starter,PC95R5G8,no
SGN-0-000149,zifuzo50@corvus.org,07-02-2025,growth,,yes
SGN-0-000150,vateco14@eastwind.co,22-01-2024,scale,E4EG4OFZ,no
SGN-0-000151,bopumo38@arcline.io,02-12-2024,growth,L1IOXR6L,no
SGN-0-000152,culano25@brightmail.dev,01-04-2024,scale,,yes
SGN-0-000153,gevati27@corvus.org,14-12-2024,starter,ADECOIC4,no
SGN-0-000154,venepu34@delta-post.net,11-08-2025,growth,,yes
SGN-0-000155,kucapa60@arcline.io,16-12-2024,scale,JYZK46QH,no
SGN-0-000156,tobofo22@corvus.org,13-11-2024,starter,,yes
SGN-0-000157,tatenu81@corvus.org,02-04-2024,scale,5XRLJ0CU,yes
SGN-0-000158,sozega59@arcline.io,09-01-2024,scale,XENZSQ1V,yes
SGN-0-000159,metoma23@brightmail.dev,25-01-2025,scale,U09F4GSC,no
SGN-0-000160,pinige64@corvus.org,14-04-2025,starter,4PX6MQFK,yes
SGN-0-000161,nafuli16@eastwind.co,16-05-2025,scale,,no
SGN-0-000162,zeniva34@corvus.org,12-04-2025,starter,SXKULBQI,no
SGN-0-000163,pitetu41@eastwind.co,18-01-2024,starter,DTRQPNML,yes
SGN-0-000164,fetoda20@eastwind.co,23-01-2024,growth,A1SWRQOO,yes
SGN-0-000165,lepuna47@corvus.org,16-01-2024,growth,,yes
SGN-0-000166,dogere36@arcline.io,14-11-2025,starter,TZ2W2K7T,no
SGN-0-000167,rubuti29@arcline.io,25-10-2025,growth,MBACKJVA,no
SGN-0-000168,gevuki86@delta-post.net,01-02-2024,starter,,no
SGN-0-000169,zuvoze51@delta-post.net,13-06-2024,starter,33FFGQJK,yes
SGN-0-000170,bicazo88@eastwind.co,05-02-2025,scale,,no
SGN-0-000171,bitina86@delta-post.net,09-06-2025,starter,ZFLF8K0I,no
SGN-0-000172,cebomi55@arcline.io,10-07-2025,scale,SPSVWN6E,no
SGN-0-000173,zozeci23@delta-post.net,15-05-2024,starter,,no
SGN-0-000174,comodi95@delta-post.net,12-03-2024,scale,230KIB9A,no
SGN-0-000175,gonepi88@arcline.io,25-05-2025,scale,G8D2HA0L,yes
SGN-0-000176,vociva27@arcline.io,01-02-2025,scale,,yes
SGN-0-000177,tuvini72@eastwind.co,05-07-2024,scale,LEQ3NEBZ,yes
SGN-0-000178,zatabi71@delta-post.net,22-05-2024,scale,UDGXC1YN,yes
SGN-0-000179,nesapu55@brightmail.dev,23-12-2024,scale,,yes
SGN-0-000180,vepudo92@arcline.io,09-12-2024,growth,RJUIK3S5,no
SGN-0-000181,necoge18@eastwind.co,09-05-2024,starter,BQM5M2A1,no
SGN-0-000182,tocore42@eastwind.co,08-05-2024,scale,,no
SGN-0-000183,rubeco14@eastwind.co,28-01-2025,growth,DL50LWNW,yes
SGN-0-000184,tikegu12@corvus.org,02-04-2024,starter,RT79MI34,yes
SGN-0-000185,kevake15@eastwind.co,13-08-2025,growth,,no
SGN-0-000186,navici15@corvus.org,15-12-2024,starter,03RM1AIW,no
SGN-0-000187,vutola45@delta-post.net,06-06-2025,scale,,yes
SGN-0-000188,levana87@brightmail.dev,14-03-2025,starter,,no
SGN-0-000189,depuzu55@eastwind.co,26-03-2024,starter,LEVCKW1Y,no
SGN-0-000190,dedota99@arcline.io,04-09-2024,scale,AOEC9TMR,no
SGN-0-000191,vimura95@brightmail.dev,21-06-2025,starter,MRZ5PL5I,no
SGN-0-000192,metafo37@eastwind.co,25-11-2024,growth,,no
SGN-0-000193,kudoke14@brightmail.dev,19-06-2025,growth,,yes
SGN-0-000194,bozize87@corvus.org,11-03-2024,growth,8DWMJ7SE,yes
SGN-0-000195,kumeca15@corvus.org,05-11-2025,scale,OQA8FIEZ,yes
SGN-0-000196,laliro11@corvus.org,05-09-2025,scale,,yes
SGN-0-000197,cidoda51@arcline.io,10-07-2025,growth,2DJQ9C2K,yes
SGN-0-000198,pizudo49@brightmail.dev,28-07-2025,scale,ECSJ7IU2,no
SGN-0-000199,gemiro23@arcline.io,23-08-2024,growth,,yes
SGN-0-000200,pomime27@delta-post.net,02-07-2024,starter,7QYQ7Q5W,yes
SGN-0-000201,bekopu63@eastwind.co,09-09-2024,scale,L9VZ2MC9,no
SGN-0-000202,vizepe59@brightmail.dev,02-11-2025,growth,E6RBOG4C,yes
SGN-0-000203,ripiba34@arcline.io,21-04-2024,growth,,yes
SGN-0-000204,sasaka80@eastwind.co,15-11-2025,starter,,no
SGN-0-000205,tesise53@arcline.io,23-05-2024,starter,TWZ969XI,yes
SGN-0-000206,nisimu46@delta-post.net,27-02-2025,starter,JLWKH11O,no
SGN-0-000207,kevozu79@brightmail.dev,24-12-2025,starter,,yes
SGN-0-000208,zuvibo11@arcline.io,02-10-2024,scale,,yes
SGN-0-000209,vezaru93@corvus.org,25-12-2025,scale,9JILMXF2,no
SGN-0-000210,veroga30@eastwind.co,05-10-2025,starter,,yes
SGN-0-000211,famuzi49@eastwind.co,27-06-2024,starter,NGF2390H,yes
SGN-0-000212,veduge30@eastwind.co,23-12-2025,growth,,no
SGN-0-000213,@arcline.io,28-03-2025,scale,,yes
SGN-0-000214,koreba36@eastwind.co,25-01-2024,starter,IE0NCQGE,yes
SGN-0-000215,kuseci11@eastwind.co,19-11-2024,growth,,no
SGN-0-000216,socuvo41@eastwind.co,12-02-2025,growth,X492PVYD,yes
SGN-0-000217,zotobi11@corvus.org,24-03-2025,starter,,no
SGN-0-000218,zemibo97@delta-post.net,21-06-2025,scale,,yes
SGN-0-000219,notoka45@arcline.io,07-04-2024,growth,F18UPOK2,yes
SGN-0-000220,vapade49@corvus.org,10-12-2024,growth,,yes
SGN-0-000221,nofiti26@corvus.org,05-06-2025,growth,,yes
SGN-0-000222,pimube32@arcline.io,08-09-2025,growth,,no
SGN-0-000223,femogo51@eastwind.co,02-12-2024,growth,,yes
SGN-0-000224,zibigo26@eastwind.co,17-07-2024,starter,151LAPSR,yes
SGN-0-000225,lakako30@eastwind.co,11-06-2025,starter,14HEOO6Y,yes
SGN-0-000226,sosebo37@delta-post.net,15-10-2024,growth,,no
SGN-0-000227,vamidu13@corvus.org,01-11-2025,starter,2M9LGFRH,yes
SGN-0-000228,naraze90@brightmail.dev,07-12-2024,starter,,yes
SGN-0-000229,suzecu50@arcline.io,04-04-2025,scale,,yes
SGN-0-000230,namivo94@brightmail.dev,26-02-2024,growth,SWNX89TH,no
SGN-0-000231,dupuzi25@eastwind.co,18-02-2024,growth,1ZSHW7HB,yes
SGN-0-000232,kabito38@arcline.io,03-10-2024,growth,,yes
SGN-0-000233,nivifa20@delta-post.net,12-09-2025,starter,2YCCXKCP,yes
SGN-0-000234,kosege92@delta-post.net,26-03-2024,growth,K40FKS65,no
SGN-0-000235,luvuci20@eastwind.co,22-09-2024,scale,ZWKDX4A6,yes
SGN-0-000236,docome92@eastwind.co,10-06-2024,growth,CS9YII5O,yes
SGN-0-000237,kezaka28@eastwind.co,19-07-2025,starter,CWV66VJJ,no
SGN-0-000238,viribi53@delta-post.net,08-01-2024,scale,,yes
SGN-0-000239,zodama80@corvus.org,17-02-2025,growth,9N9A0E3C,yes
SGN-0-000240,conofo75@arcline.io,23-02-2024,scale,,yes
SGN-0-000241,rogigu85@brightmail.dev,25-04-2025,scale,,no
SGN-0-000242,lizoci90@delta-post.net,07-11-2024,growth,OW1PVLCX,yes
SGN-0-000243,boboce17@eastwind.co,04-01-2025,growth,,no
SGN-0-000244,nilamu54@eastwind.co,,scale,TOQTH7NK,yes
SGN-0-000245,tesifo64@delta-post.net,03-01-2024,growth,,no
SGN-0-000246,sosuru51@brightmail.dev,08-12-2025,starter,YSQEMJOD,yes
SGN-0-000247,poloko10@arcline.io,11-07-2024,scale,DTPQTW2M,yes
SGN-0-000248,rutuna72@eastwind.co,09-04-2024,starter,QK9EA1XS,no
SGN-0-000249,nunonu11@corvus.org,09-05-2025,starter,S1QP44JQ,no
SGN-0-000250,moreku79@arcline.io,12-02-2024,scale,,yes
SGN-0-000251,vevuga83@intranet,02-01-2025,starter,JLDC3PXJ,yes
SGN-0-000252,gokago24@delta-post.net,21-06-2024,starter,,no
SGN-0-000253,rokoti92@arcline.io,23-05-2024,growth,,no
SGN-0-000254,nisuso88@delta-post.net,18-12-2024,starter,H0OJM11P,yes
SGN-0-000255,kocezo21@brightmail.dev,17-05-2025,growth,IVUEFPVW,yes
SGN-0-000256,pucufo76@arcline.io,21-01-2024,scale,,yes
SGN-0-000257,tomugi31@corvus.org,14-07-2024,growth,6KO9J861,yes
SGN-0-000258,pubegu56@eastwind.co,26-12-2024,scale,,yes
SGN-0-000259,ruragu92@corvus.org,12-08-2025,growth,,yes
SGN-0-000260,sicuno31@@brightmail.dev,18-05-2024,growth,L5UZEV3X,yes
SGN-0-000261,@arcline.io,02-07-2024,scale,,yes
SGN-0-000262,fonatu69@corvus.org,22-01-2024,starter,,yes
SGN-0-000263,molako65@arcline.io,19-11-2025,scale,AKA1LK6A,no
SGN-0-000264,lodani72@corvus.org,07-07-2024,growth,,no
SGN-0-000265,caripi23@brightmail.dev,14-08-2024,growth,GJVGDHAS,no
SGN-0-000266,zodela86@delta-post.net,09-06-2024,starter,HUHHCIFZ,yes
SGN-0-000267,zopipu86@brightmail.dev,05-02-2024,growth,ABDAOUG8,yes
SGN-0-000268,tisume69@delta-post.net,18-06-2024,growth,,no
SGN-0-000269,zaposi84@arcline.io,19-05-2024,scale,1VRVF2MI,no
SGN-0-000270,kazopo80@delta-post.net,26-12-2025,growth,,no
,rekumi70@eastwind.co,13-08-2024,starter,,no
SGN-0-000272,turoro40@brightmail.dev,02-09-2024,scale,R3D6AF75,yes
SGN-0-000273,fucago26@corvus.org,12-02-2025,starter,BUOWNEVK,no
SGN-0-000274,kuzufo80@delta-post.net,03-08-2025,growth,V8HPS37E,no
SGN-0-000275,lonema58@delta-post.net,06-06-2025,starter,,no
SGN-0-000276,vanoso48@arcline.io,11-02-2025,starter,,no
SGN-0-000277,lilodu96@arcline.io,08-04-2024,starter,7M7UC39R,no
SGN-0-000278,marini26@arcline.io,14-01-2024,starter,,no
SGN-0-000279,narofa20@corvus.org,20-07-2025,scale,V4IS2CPX,no
SGN-0-000280,vozida45@eastwind.co,16-12-2024,growth,,no
SGN-0-000281,fotisi71@brightmail.dev,07-06-2024,growth,W4F252M1,yes
SGN-0-000282,fotuda87@delta-post.net,06-09-2024,growth,,yes
SGN-0-000283,simoga70@corvus.org,16-01-2025,scale,R9RN7MEJ,no
SGN-0-000284,tozeli28@corvus.org,16-03-2025,growth,6EGSXRWB,no
SGN-0-000285,ginosa97@arcline.io,08-09-2024,growth,S8GS9QC3,yes
SGN-0-000286,tacufi27@eastwind.co,06-01-2024,growth,QY0ZQ7FD,yes
SGN-0-000287,docavo62@corvus.org,19-02-2024,scale,,no
SGN-0-000288,rakunu86@delta-post.net,24-07-2025,starter,,no
SGN-0-000289,fudova78@intranet,17-12-2024,growth,,no
SGN-0-000290,pinosi83@delta-post.net,26-12-2025,starter,,yes
SGN-0-000291,bifibo56@delta-post.net,09-07-2025,growth,,no
SGN-0-000292,dipami67@delta-post.net,02-10-2025,growth,641OQG3L,yes
SGN-0-000293,zuminu74@brightmail.dev,24-06-2024,starter,0RNZLTE8,yes
SGN-0-000294,giliti78@corvus.org,11-01-2024,starter,,no
SGN-0-000295,gavoku40@arcline.io,17-02-2025,starter,02H1XV7I,no
SGN-0-000296,vinaru58@eastwind.co,03-09-2025,growth,L7Y2VYI6,no
SGN-0-000297,zeduko74@eastwind.co,09-05-2025,growth,EGSRODNM,no
SGN-0-000298,gosuga23@arcline.io,03-06-2024,scale,AXL6YZZG,no
SGN-0-000299,lizumu62@delta-post.net,23-06-2024,growth,,yes
SGN-0-000300,kirecu28@eastwind.co,04-10-2024,scale,,no
SGN-0-000301,dugifu48@brightmail.dev,20-03-2025,starter,,no
SGN-0-000302,gobusa67@corvus.org,25-03-2025,starter,NS17DQEP,no
SGN-0-000303,pineza24@arcline.io,18-09-2024,growth,X5590Z4A,no
SGN-0-000304,famano79@brightmail.dev,16-04-2024,scale,,yes
SGN-0-000305,zurasu69@corvus.org,17-03-2024,growth,,no
SGN-0-000306,pofipa24@arcline.io,01-02-2025,scale,Q0GNSYM8,no
SGN-0-000307,govupo66@eastwind.co,25-02-2024,growth,,yes
SGN-0-000308,monaro20@corvus.org,27-08-2024,growth,M20VVS31,no
SGN-0-000309,dafufi82@brightmail.dev,17-09-2024,growth,JKI62SH7,yes
SGN-0-000310,totize66@delta-post.net,28-04-2024,starter,VMCHNPMM,yes
SGN-0-000311,geripi42@arcline.io,23-05-2024,growth,,no
SGN-0-000312,dofuma76@brightmail.dev,12-08-2024,scale,5HJO4YAG,yes
SGN-0-000313,dedosa54@corvus.org,09-04-2025,starter,WJQ6XU4M,no
SGN-0-000314,bisaba26@corvus.org,27-05-2025,scale,,yes
SGN-0-000315,nanebi97@eastwind.co,09-01-2025,growth,,no
SGN-0-000316,sekefo97@corvus.org,15-01-2024,scale,,yes
SGN-0-000317,ninala23@arcline.io,15-12-2025,starter,4ZK2XBQQ,yes
SGN-0-000318,feciko25@arcline.io,09-02-2024,growth,BMJ5SGIT,no
SGN-0-000319,rubaka41@delta-post.net,25-08-2025,growth,4ZPL8GMT,yes
SGN-0-000320,mitoku98@brightmail.dev,04-02-2025,scale,IG2WZ417,no
SGN-0-000321,kubunu63@brightmail.dev,18-02-2025,starter,KYGJU34W,no
SGN-0-000322,fevepa78@delta-post.net,27-11-2024,scale,,no
SGN-0-000323,gokifi79@arcline.io,11-03-2024,starter,NVX62DP6,yes
SGN-0-000324,monofe17@corvus.org,21-04-2024,growth,LFMOMQZX,yes
SGN-0-000325,tutose38@eastwind.co,11-06-2025,starter,RJRDC25T,yes
SGN-0-000326,kotani47@delta-post.net,01-11-2024,starter,ZLKWD5IN,yes
SGN-0-000327,cituti25@brightmail.dev,10-05-2024,growth,F6YIL681,yes
SGN-0-000328,kidupo51@eastwind.co,21-08-2024,growth,,yes
SGN-0-000329,gubuki81@eastwind.co,04-03-2024,starter,,yes
SGN-0-000330,fusogi72@eastwind.co,24-04-2024,growth,IFEGINDH,yes
SGN-0-000331,sotuzi57@corvus.org,15-09-2025,scale,LDIEECWH,no
SGN-0-000332,sacizu10@corvus.org,15-02-2024,scale,UE2PEL5N,no
SGN-0-000333,nirabe93@delta-post.net,20-06-2025,starter,XAJVEHTK,yes
SGN-0-000334,nirogi70@eastwind.co,17-02-2025,starter,,no
SGN-0-000335,bogada28@eastwind.co,27-07-2025,starter,LI2LEACK,no
SGN-0-000336,licega70@brightmail.dev,17-07-2024,scale,,no
,godide84@corvus.org,28-12-2024,growth,8FNH7O3T,yes
SGN-0-000338,favivu90@delta-post.net,09-12-2025,starter,,yes
SGN-0-000339,pesire75@brightmail.dev,08-08-2024,growth,,yes
SGN-0-000340,didese51@delta-post.net,07-12-2025,growth,TLSQXESM,no
SGN-0-000341,giruzu92@corvus.org,18-07-2024,starter,NU62EM10,no
SGN-0-000342,lineva41@corvus.org,02-06-2025,growth,75XNV5ZD,no
SGN-0-000343,notizo76@arcline.io,28-12-2025,growth,,yes
SGN-0-000344,geleza25@delta-post.net,15-11-2025,growth,X8UFKQ8B,no
SGN-0-000345,sipovo24@eastwind.co,16-01-2024,growth,,no
SGN-0-000346,zodofo75@arcline.io,11-06-2024,starter,Z5SH3U6H,no
SGN-0-000347,vetoku23@@delta-post.net,26-06-2024,growth,,yes
SGN-0-000348,bipefa85@corvus.org,26-08-2025,starter,YBJSGWVI,yes
SGN-0-000349,padumi14@delta-post.net,06-03-2024,growth,KZ3B0AXH,no
SGN-0-000350,sepote50@corvus.org,27-05-2025,scale,X140GRMH,yes
SGN-0-000351,calidi77@delta-post.net,19-04-2025,growth,P6FI259Q,yes
SGN-0-000352,bucosa60@arcline.io,18-12-2024,starter,,yes
SGN-0-000353,kipeva10@brightmail.dev,06-09-2024,growth,HA37JHL7,yes
SGN-0-000354,mebofa35@eastwind.co,01-04-2024,scale,DLJ3XWNU,yes
SGN-0-000355,rudatu72@arcline.io,10-05-2025,growth,,yes
SGN-0-000356,pumefi74@corvus.org,26-02-2025,scale,MHSWDV34,no
SGN-0-000357,sunera75@brightmail.dev,04-11-2024,growth,XU3BKQXI,yes
SGN-0-000358,bitimo78@delta-post.net,10-07-2024,scale,,no
SGN-0-000359,vevozo71@eastwind.co,13-08-2025,growth,,no
SGN-0-000360,kupuvu67@brightmail.dev,13-09-2025,scale,,yes
SGN-0-000361,gekosi32@eastwind.co,03-01-2025,scale,,no
SGN-0-000362,zosaze70@corvus.org,04-06-2025,starter,,no
SGN-0-000363,civaso81@brightmail.dev,24-10-2025,growth,,no
SGN-0-000364,fezile76@delta-post.net,09-10-2025,scale,R9KZ0IYP,no
SGN-0-000365,fokadi98@delta-post.net,17-11-2025,starter,GPTZ7R8N,yes
SGN-0-000366,nopeba40@eastwind.co,09-03-2024,growth,,no
SGN-0-000367,fabeze67@eastwind.co,01-09-2024,growth,SLGP4NQZ,yes
SGN-0-000368,vukira74@brightmail.dev,,scale,U10Q8OB2,yes
SGN-0-000369,lizecu13@corvus.org,28-04-2024,growth,,no
SGN-0-000370,kafivo53@delta-post.net,09-06-2025,scale,57C5E3B8,no
SGN-0-000371,caruku87@eastwind.co,10-06-2024,growth,,no
SGN-0-000372,degoce80@delta-post.net,09-01-2025,starter,PF5AP65P,yes
SGN-0-000373,pirunu37@brightmail.dev,02-05-2025,growth,,yes
SGN-0-000374,peveso42@eastwind.co,20-06-2024,starter,,yes
SGN-0-000375,vizoru13@corvus.org,18-10-2025,scale,,yes
SGN-0-000376,zinovi80@delta-post.net,23-10-2025,growth,0YGPN8EW,no
SGN-0-000377,tekobu53@brightmail.dev,07-08-2025,scale,,no
SGN-0-000378,rasolu14@arcline.io,03-10-2025,scale,82881JHZ,no
SGN-0-000379,perumo75@eastwind.co,26-07-2024,growth,,yes
SGN-0-000380,kisipo21@arcline.io,07-10-2024,scale,,yes
SGN-0-000381,gakiro20@intranet,26-10-2024,growth,,no
SGN-0-000382,pegona48@eastwind.co,16-11-2025,starter,,no
SGN-0-000383,cateno28@eastwind.co,19-03-2024,scale,,no
SGN-0-000384,vavemi51@corvus.org,03-08-2025,scale,0J29U3Z8,yes
SGN-0-000385,gutifa38@delta-post.net,13-12-2024,scale,,no
SGN-0-000386,mufoce14@eastwind.co,11-04-2025,growth,,yes
SGN-0-000387,rovobo32@delta-post.net,14-04-2024,scale,A13OTPIM,no
SGN-0-000388,varivi98@brightmail.dev,15-11-2024,growth,1WSHZWRH,yes
SGN-0-000389,fevebe82@corvus.org,09-12-2025,scale,,no
SGN-0-000390,rafene12@corvus.org,14-07-2025,scale,1LRHULUB,yes
SGN-0-000391,rugoko40@corvus.org,25-09-2024,growth,,yes
SGN-0-000392,lesuvi39@delta-post.net,06-09-2024,scale,1SICUQ5Q,no
SGN-0-000393,pemulu29@corvus.org,06-01-2024,growth,ZH1TX7MJ,yes
SGN-0-000394,tekocu41@delta-post.net,18-06-2025,starter,,no
SGN-0-000395,sakodo87@delta-post.net,24-02-2024,growth,FFBBGET5,no
SGN-0-000396,fetemo95@delta-post.net,26-01-2024,scale,OQMHCEKK,no
SGN-0-000397,lafumi24@eastwind.co,02-09-2025,scale,,yes
SGN-0-000398,navobi17@arcline.io,22-01-2024,growth,OKK0PEY1,yes
SGN-0-000399,mavuzu35@eastwind.co,19-01-2024,growth,QOEXDZVF,yes
SGN-0-000400,lozobi74@corvus.org,19-01-2024,scale,,yes
SGN-0-000401,pulolo79@eastwind.co,04-05-2024,scale,Y6LB6NPB,yes
SGN-0-000402,zidica69@arcline.io,15-07-2025,growth,A7XY3G6W,yes
SGN-0-000403,rucoke42@corvus.org,04-05-2025,starter,7M4B6X9G,no
SGN-0-000404,gudemu37@delta-post.net,27-03-2024,growth,,no
SGN-0-000405,nizeku39@brightmail.dev,06-07-2025,starter,KZIR9IM1,yes
SGN-0-000406,dumesi79@brightmail.dev,10-11-2024,starter,QQ2G05GC,no
SGN-0-000407,macese54@eastwind.co,08-03-2024,growth,73K9SKH9,yes
SGN-0-000408,pidefe11@delta-post.net,20-07-2024,scale,ALTVRHT6,no
SGN-0-000409,lidefa61@corvus.org,21-03-2024,growth,N5ZIUN0X,no
SGN-0-000410,tuzari12@brightmail.dev,17-01-2025,starter,OXFG2TN8,no
SGN-0-000411,givafi28@arcline.io,20-03-2025,scale,,no
SGN-0-000412,kadeno85@corvus.org,16-10-2025,scale,,yes
SGN-0-000413,levepi90@arcline.io,09-01-2024,growth,KQ36TURJ,yes
SGN-0-000414,tepoli79@corvus.org,16-04-2025,scale,,no
SGN-0-000415,raceri80@delta-post.net,18-03-2024,growth,,yes
SGN-0-000416,fekuvu10@corvus.org,09-05-2025,starter,,yes
SGN-0-000417,volopa19@delta-post.net,26-06-2025,growth,,yes
SGN-0-000418,tegora65@corvus.org,02-09-2025,growth,,no
SGN-0-000419,dezade35@corvus.org,27-10-2024,growth,,no
SGN-0-000420,cedero96@corvus.org,18-04-2025,scale,HZT41GR9,yes
SGN-0-000421,madila17@arcline.io,17-09-2024,starter,,no
SGN-0-000422,mosana31@brightmail.dev,15-09-2025,growth,A9612OMH,no
SGN-0-000423,tefovo42@arcline.io,14-08-2024,growth,,no
SGN-0-000424,lenopa19@brightmail.dev,05-06-2024,scale,T10C0EUT,no
SGN-0-000425,lovigu57@corvus.org,02-10-2025,scale,53EKQCCP,no
SGN-0-000426,rimete19@intranet,06-08-2024,scale,,yes
SGN-0-000427,puvobo93@corvus.org,07-10-2025,growth,,yes
SGN-0-000428,lobuli62@corvus.org,23-06-2025,starter,P8GHURCP,yes
SGN-0-000429,tipelo20@eastwind.co,02-02-2024,growth,QSYSVV6J,no
SGN-0-000430,navuno64@corvus.org,06-09-2025,scale,JQDTZO8G,no
SGN-0-000431,sasano35@arcline.io,24-06-2024,scale,,yes
SGN-0-000432,supiza58@corvus.org,02-01-2025,growth,,no
SGN-0-000433,magama12@corvus.org,08-06-2025,starter,,yes
SGN-0-000434,riduda78@arcline.io,11-03-2024,growth,,yes
SGN-0-000435,litilu88@corvus.org,13-05-2024,starter,4PB7GX3V,yes
SGN-0-000436,tagola39@brightmail.dev,15-05-2025,scale,S4507QAC,no
SGN-0-000437,cifave98@arcline.io,05-01-2025,growth,WGVU3GDJ,no
SGN-0-000438,venema46@eastwind.co,15-05-2024,starter,,yes
SGN-0-000439,dilalu59@brightmail.dev,06-06-2025,growth,1CFH005R,yes
SGN-0-000440,cecapa69@corvus.org,13-08-2025,growth,EI41DGJN,yes
SGN-0-000441,leketa92@corvus.org,08-01-2024,scale,W362GN0H,no
SGN-0-000442,pacobe85@eastwind.co,04-06-2025,starter,224Z5G7T,no
SGN-0-000443,cirolo79@delta-post.net,23-09-2024,scale,,no
SGN-0-000444,tigiko19@eastwind.co,17-01-2025,starter,9J4K4F46,yes
,polizu86@arcline.io,18-02-2024,starter,,yes
SGN-0-000446,sicupu60@arcline.io,25-12-2024,scale,,yes
SGN-0-000447,narido27@corvus.org,19-10-2025,growth,,no
SGN-0-000448,rovifa85@delta-post.net,12-07-2025,starter,,yes
SGN-0-000449,motige90@brightmail.dev,12-04-2025,growth,,yes
SGN-0-000450,rocofo55@arcline.io,03-03-2024,scale,X4E47NGO,no
SGN-0-000451,rugico73@eastwind.co,10-09-2025,scale,,yes
SGN-0-000452,zifuka11@arcline.io,02-01-2024,scale,,no
SGN-0-000453,dopise83@brightmail.dev,18-12-2024,starter,4T4R8IH3,no
SGN-0-000454,tolami30@arcline.io,24-01-2025,scale,,yes
SGN-0-000455,guzaka54@corvus.org,13-03-2025,growth,TPGGNAK1,no
SGN-0-000456,mefuri34@intranet,01-06-2024,growth,,no
SGN-0-000457,vepede58@arcline.io,18-08-2025,growth,9NV3Q2LH,no
SGN-0-000458,dokeno26@eastwind.co,11-10-2025,growth,,no
SGN-0-000459,kukomu93@arcline.io,23-08-2024,starter,,no
SGN-0-000460,pisipu98@brightmail.dev,19-05-2025,scale,IE4GNY78,yes
SGN-0-000461,sizola73@arcline.io,25-05-2024,starter,T6NP9AYC,yes
SGN-0-000462,novici77@eastwind.co,01-09-2024,starter,O70GT56I,no
SGN-0-000463,bilero83@arcline.io,18-03-2024,starter,1PXJ7HEB,no
SGN-0-000464,pokisu72@arcline.io,07-03-2024,growth,,no
SGN-0-000465,didopo58@brightmail.dev,06-08-2024,growth,,no
SGN-0-000466,celoca95@eastwind.co,17-08-2024,scale,,yes
SGN-0-000467,cumusi15@arcline.io,20-01-2024,starter,,no
SGN-0-000468,dovaci19@delta-post.net,14-12-2025,growth,,yes
SGN-0-000469,tugidu43@delta-post.net,17-06-2024,starter,M481PS3M,yes
SGN-0-000470,dodufu49@brightmail.dev,01-07-2024,starter,6QDWVSUE,yes
SGN-0-000471,tubode48@arcline.io,10-06-2025,starter,UQ805K9Z,no
SGN-0-000472,cusato73@corvus.org,16-04-2024,growth,O9FHR6MX,no
SGN-0-000473,gunete18@brightmail.dev,11-03-2025,starter,,no
SGN-0-000474,tudibo79@delta-post.net,28-03-2024,growth,,no
SGN-0-000475,pitodo94@corvus.org,25-01-2025,starter,1AGPA2RG,no
SGN-0-000476,bebuzo34@arcline.io,12-12-2025,scale,F3MB68GJ,no
SGN-0-000477,pucevo30@corvus.org,21-10-2024,starter,LWFHPPXE,yes
SGN-0-000478,kegude67@corvus.org,23-02-2024,growth,,no
SGN-0-000479,firame80@brightmail.dev,04-04-2024,starter,BMSKMJ85,no
SGN-0-000480,dosodi70@delta-post.net,17-04-2024,starter,,no
SGN-0-000481,nedebo84@arcline.io,21-01-2025,growth,DIR4Z7OE,no
SGN-0-000482,sudipe76@brightmail.dev,17-11-2025,starter,,no
SGN-0-000483,fogefu37@eastwind.co,11-09-2025,starter,VUF5S844,yes
SGN-0-000484,vedaku19@arcline.io,11-07-2025,starter,DPOYGF49,no
SGN-0-000485,lekede37@arcline.io,18-08-2024,scale,61TQ9YTU,yes
SGN-0-000486,feteda87@brightmail.dev,07-11-2024,starter,55BABFKJ,no
SGN-0-000487,piruka66@brightmail.dev,01-07-2025,starter,0PZJNT4P,yes
SGN-0-000488,mecike22@corvus.org,13-08-2025,scale,D7ZCN923,yes
SGN-0-000489,forigo26@eastwind.co,05-03-2025,scale,,no
SGN-0-000490,kalave87@arcline.io,17-11-2025,growth,,yes
SGN-0-000491,retifa54@brightmail.dev,09-07-2024,growth,DQG0KDHK,yes
SGN-0-000492,neruca43@arcline.io,14-07-2024,growth,,yes
SGN-0-000493,vomeru25@delta-post.net,08-10-2025,growth,,no
SGN-0-000494,democu73@delta-post.net,05-11-2024,starter,,yes
SGN-0-000495,paluti92@corvus.org,19-06-2025,starter,,yes
SGN-0-000496,patuke96@delta-post.net,06-12-2025,growth,,yes
SGN-0-000497,dukusi12@arcline.io,04-08-2025,starter,,no
SGN-0-000498,cuseka43@eastwind.co,27-09-2025,growth,33DCJ5PX,yes
SGN-0-000499,nepola81@brightmail.dev,10-08-2024,starter,4WXOX2HK,no
SGN-0-000500,zivela10@brightmail.dev,22-11-2024,starter,ECTSZX6B,yes
SGN-0-000501,mecode72@brightmail.dev,10-11-2024,growth,,yes
SGN-0-000502,remiru94@delta-post.net,20-06-2024,starter,EPPXJ1ZR,no
SGN-0-000503,zipole69@eastwind.co,28-10-2024,starter,,yes
SGN-0-000504,rolozo31@brightmail.dev,25-09-2024,scale,VZMQ2Z2A,yes
SGN-0-000505,biciko22@brightmail.dev,14-06-2025,scale,,no
SGN-0-000506,linufu15@eastwind.co,18-11-2025,starter,C0MY2L0M,no
SGN-0-000507,ricisi28@delta-post.net,28-10-2024,growth,H02N36T8,yes
SGN-0-000508,kacese10@delta-post.net,11-10-2024,growth,9IQWWLEU,no
SGN-0-000509,zasicu23@eastwind.co,25-08-2025,scale,,no
SGN-0-000510,demupa18@brightmail.dev,05-09-2025,scale,,yes
SGN-0-000511,cileka31@eastwind.co,25-10-2025,starter,,yes
SGN-0-000512,tubemu48@eastwind.co,21-06-2024,starter,,no
SGN-0-000513,nefibo96@corvus.org,25-01-2024,scale,,no
SGN-0-000514,zedudo24@arcline.io,13-07-2024,growth,,yes
SGN-0-000515,cokati50@corvus.org,28-03-2025,growth,,yes
SGN-0-000516,gapero50@delta-post.net,24-05-2024,growth,FC3KXTQ2,no
SGN-0-000517,foluki23@@brightmail.dev,12-11-2025,growth,,yes
SGN-0-000518,ragesa96@arcline.io,02-10-2024,growth,,yes
SGN-0-000519,fidefu81@delta-post.net,04-07-2024,scale,WC5GK83S,no
SGN-0-000520,zemeve75@eastwind.co,12-09-2025,scale,5W0SKGBS,yes
SGN-0-000521,soruvu71@arcline.io,11-10-2024,starter,7IWDD7AP,no
SGN-0-000522,turasa48@brightmail.dev,10-09-2025,growth,,no
SGN-0-000523,comada55@arcline.io,15-05-2024,scale,,no
SGN-0-000524,botigu65@corvus.org,02-01-2024,starter,,yes
SGN-0-000525,tucapa68@brightmail.dev,04-03-2025,starter,,yes
SGN-0-000526,mazise33@delta-post.net,09-12-2024,starter,VH81UKJK,yes
SGN-0-000527,sufovi98@delta-post.net,19-04-2024,growth,,no
SGN-0-000528,popuvu96@arcline.io,09-02-2025,starter,,no
SGN-0-000529,zogabi50@corvus.org,19-10-2025,starter,A87LWS57,yes
SGN-0-000530,pemado21@delta-post.net,05-05-2024,growth,,no
SGN-0-000531,vorolo97@brightmail.dev,14-08-2024,growth,,no
SGN-0-000532,vebuzi96@arcline.io,03-09-2025,growth,U7SDWH34,yes
SGN-0-000533,dinozo87@corvus.org,01-03-2025,growth,,yes
SGN-0-000534,lifufu87@delta-post.net,13-08-2024,starter,,yes
SGN-0-000535,molimu15@arcline.io,12-04-2024,growth,L696I3SD,yes
SGN-0-000536,bisasu52@arcline.io,16-04-2025,growth,EH0QPLIO,no
SGN-0-000537,delafo37@arcline.io,18-02-2025,growth,9517ENHP,yes
SGN-0-000538,docenu73@arcline.io,07-03-2024,growth,DHMSBMME,no
SGN-0-000539,vumege90@delta-post.net,15-05-2024,scale,,yes
SGN-0-000540,numesi49@brightmail.dev,27-05-2024,starter,CIH52GCJ,yes
SGN-0-000541,mofatu12@arcline.io,12-05-2025,starter,,yes
SGN-0-000542,gizopu13@delta-post.net,26-02-2025,scale,SRT0FO86,no
SGN-0-000543,vebefu54@delta-post.net,02-07-2024,scale,VUKTFIU9,yes
SGN-0-000544,tetete98@corvus.org,11-07-2024,growth,OEVEJT84,yes
SGN-0-000545,nepiba71@eastwind.co,27-05-2025,starter,,yes
SGN-0-000546,gekiru97@eastwind.co,14-01-2024,starter,8PCCUIJ4,yes
SGN-0-000547,sanara80@brightmail.dev,14-10-2025,scale,HNUM96OQ,no
SGN-0-000548,cepudo85@arcline.io,27-10-2025,growth,R35VIUBT,no
SGN-0-000549,zibepu41@delta-post.net,14-03-2024,scale,0G13FL6P,yes
SGN-0-000550,suvifu80@delta-post.net,06-09-2025,starter,,no
SGN-0-000551,ruzuri80@corvus.org,25-02-2025,starter,,no
SGN-0-000552,kozuto42@corvus.org,05-03-2024,scale,,no
SGN-0-000553,favamo56@delta-post.net,12-05-2025,scale,Z0BY0LUY,no
SGN-0-000554,ganote69@brightmail.dev,09-05-2025,growth,F9YF7OES,no
SGN-0-000555,fodida39@eastwind.co,16-01-2025,growth,RGTPC02F,yes
SGN-0-000556,sikizo27@delta-post.net,26-10-2024,scale,6IPZW6BR,no
SGN-0-000557,ruribi68@arcline.io,28-11-2024,scale,,yes
SGN-0-000558,ruloso93@arcline.io,03-10-2024,scale,,no
SGN-0-000559,dokabu93@eastwind.co,13-08-2024,starter,VLX90IOZ,no
SGN-0-000560,culale39@brightmail.dev,13-09-2024,scale,,yes
SGN-0-000561,rosira60@brightmail.dev,06-01-2024,starter,O0YBFWI2,no
SGN-0-000562,tapove40@corvus.org,14-03-2024,growth,,no
SGN-0-000563,taneme16@corvus.org,14-10-2025,scale,JBGR2JIW,yes
SGN-0-000564,dutene27@eastwind.co,27-10-2024,growth,,no
SGN-0-000565,kagafo60@corvus.org,08-12-2024,starter,,yes
SGN-0-000566,pureni31@brightmail.dev,22-11-2025,starter,XQ48LNT3,no
SGN-0-000567,pavigi62@arcline.io,10-07-2025,scale,W5L0TN3V,yes
SGN-0-000568,dafago74@delta-post.net,23-01-2025,scale,,no
SGN-0-000569,picife64@delta-post.net,15-02-2024,starter,AX009ZLH,yes
SGN-0-000570,pefote15@corvus.org,20-12-2024,scale,,yes
SGN-0-000571,kaveke30@corvus.org,12-03-2025,starter,,yes
SGN-0-000572,mulaka17@brightmail.dev,27-05-2024,growth,HM6JZ31F,yes
SGN-0-000573,gaputo67@delta-post.net,11-08-2025,scale,QSFT3JYJ,yes
SGN-0-000574,cuzupe63@arcline.io,07-09-2024,starter,3G19FBBG,yes
SGN-0-000575,necugo53@brightmail.dev,06-09-2024,growth,,yes
SGN-0-000576,pekeke67@arcline.io,12-11-2024,scale,ZDUKITH0,no
SGN-0-000577,muteko47@delta-post.net,03-06-2025,scale,,yes
SGN-0-000578,zozifu24@delta-post.net,22-03-2025,scale,,yes
SGN-0-000579,zimuba41@eastwind.co,05-06-2025,growth,2958VE88,no
SGN-0-000580,munuzo29@delta-post.net,25-11-2024,growth,VJ8SE23W,no
SGN-0-000581,cabami40@corvus.org,02-07-2025,growth,RJ5HF9FD,no
SGN-0-000582,micumo92@arcline.io,27-10-2024,scale,ZIVZ12A3,yes
SGN-0-000583,milova99@eastwind.co,04-09-2024,starter,8G2KZSYS,yes
SGN-0-000584,nirugi51@delta-post.net,05-02-2024,growth,Q1MHRIBE,yes
SGN-0-000585,pipaci29@brightmail.dev,16-03-2025,scale,F5Z256EH,yes
SGN-0-000586,vipodu45@corvus.org,12-04-2024,scale,,yes
SGN-0-000587,zedado85@brightmail.dev,01-02-2024,growth,,no
SGN-0-000588,fosomu36@eastwind.co,02-08-2025,scale,6PKL43WQ,no
SGN-0-000589,zugezo70@corvus.org,13-12-2025,growth,,yes
SGN-0-000590,serizu62@corvus.org,28-03-2024,scale,,no
SGN-0-000591,duzuka49@arcline.io,01-01-2025,starter,U8FWKLG5,yes
SGN-0-000592,pekale73@corvus.org,04-10-2024,growth,,no
SGN-0-000593,pekaco32@arcline.io,14-10-2025,scale,,no
SGN-0-000594,lenune76@arcline.io,14-03-2025,growth,,yes
SGN-0-000595,muzilo60@brightmail.dev,14-09-2025,starter,8191OWP9,yes
SGN-0-000596,fefetu34@brightmail.dev,18-07-2024,scale,MJCBUUBH,yes
SGN-0-000597,gitimi27@brightmail.dev,15-11-2024,starter,,yes
SGN-0-000598,bolafi41@arcline.io,05-03-2024,scale,AXQN84E6,yes
SGN-0-000599,cusoki51@delta-post.net,04-02-2024,growth,VTMZQLAE,yes
SGN-0-000600,deroro73@corvus.org,11-01-2025,starter,7QKS92NO,no
SGN-0-000601,ritegi86@delta-post.net,15-10-2025,scale,,yes
SGN-0-000602,votini85@eastwind.co,11-10-2024,scale,,no
SGN-0-000603,ruziva41@eastwind.co,26-05-2025,starter,U0XE86UO,yes
SGN-0-000604,bideko26@eastwind.co,01-06-2025,starter,,yes
SGN-0-000605,roridu97@arcline.io,03-05-2024,starter,,yes
SGN-0-000606,vadasu95@delta-post.net,15-12-2024,starter,Z6HC408Q,no
SGN-0-000607,dorece78@delta-post.net,20-07-2024,scale,DPU39TQ5,no
SGN-0-000608,fozete76@delta-post.net,20-02-2024,starter,MHB19NFS,yes
SGN-0-000609,nozugi25@corvus.org,08-07-2025,growth,,no
SGN-0-000610,cefafo57@delta-post.net,17-11-2025,starter,4F4M3OB6,no
SGN-0-000611,musiru26@corvus.org,12-12-2024,growth,U15YR4IC,yes
SGN-0-000612,tolase51@eastwind.co,05-03-2024,starter,ZYVUBH30,yes
SGN-0-000613,tunivo59@corvus.org,21-05-2024,scale,8UJCKW4N,yes
SGN-0-000614,pepagu35@corvus.org,01-08-2024,scale,,no
SGN-0-000615,tevope45@delta-post.net,12-01-2024,starter,,yes
SGN-0-000616,cobiro81@corvus.org,13-09-2024,scale,,yes
SGN-0-000617,zivizo84@eastwind.co,21-07-2024,growth,0WNBY1WD,yes
SGN-0-000618,vuvosi76@delta-post.net,26-08-2025,starter,PRB0ROSO,yes
SGN-0-000619,lemeli17@corvus.org,15-07-2025,growth,XE95NKM1,yes
SGN-0-000620,kugozo86@brightmail.dev,23-10-2025,starter,,no
SGN-0-000621,bofeli33@eastwind.co,24-04-2025,scale,MH3YZ7UK,no
SGN-0-000622,novara81@eastwind.co,02-03-2024,scale,BH2ODDC3,yes
SGN-0-000623,secero24@eastwind.co,17-03-2025,growth,CMNS886W,yes
SGN-0-000624,loreta26@delta-post.net,22-11-2025,starter,,yes
SGN-0-000625,kisivu16@delta-post.net,08-03-2024,starter,OV9L5QF3,no
SGN-0-000626,demoki59@brightmail.dev,23-10-2024,growth,,yes
SGN-0-000627,bokuke25@brightmail.dev,22-12-2024,starter,SKN4PAVY,yes
SGN-0-000628,socada91@corvus.org,19-11-2024,scale,R16AXGH4,no
SGN-0-000629,pasuke53@brightmail.dev,08-10-2025,starter,,no
SGN-0-000630,nokiko46@eastwind.co,06-06-2025,starter,,yes
SGN-0-000631,tatigi59@eastwind.co,21-12-2024,scale,,yes
SGN-0-000632,tusari59@arcline.io,15-12-2024,growth,LY5I1FU7,yes
SGN-0-000633,tefipi32@corvus.org,03-04-2025,scale,UNCE6IYH,yes
SGN-0-000634,cuduvu14@corvus.org,22-10-2024,scale,,no
SGN-0-000635,kitese68@eastwind.co,26-09-2025,growth,,no
SGN-0-000636,fitaze37@delta-post.net,05-12-2024,scale,,no
SGN-0-000637,lotaro29@eastwind.co,04-06-2025,growth,,yes
SGN-0-000638,kacipi35@brightmail.dev,16-12-2024,growth,HU7NRX0U,no
SGN-0-000639,cuvuba82@arcline.io,10-12-2025,scale,9EC8JEK9,no
SGN-0-000640,tacife23@eastwind.co,06-05-2025,scale,,yes
SGN-0-000641,rugoki71@delta-post.net,21-01-2025,scale,,yes
SGN-0-000642,sipare19@brightmail.dev,25-01-2025,scale,,no
SGN-0-000643,cupuvi42@corvus.org,13-04-2025,starter,CZLRC2XM,no
SGN-0-000644,pipeve27@brightmail.dev,16-04-2024,growth,VE8Z9FBQ,yes
SGN-0-000645,macami16@arcline.io,22-02-2024,starter,8DCKP5A6,yes
SGN-0-000646,kuduzu28@arcline.io,05-03-2024,starter,R4RS01T1,no
SGN-0-000647,pipazu12@eastwind.co,26-12-2025,starter,VSFKUL3A,no
SGN-0-000648,vapilu14@brightmail.dev,11-09-2024,starter,,no
SGN-0-000649,nelegi16@corvus.org,26-09-2024,growth,40EOQ1NG,yes
SGN-0-000650,lovama13@brightmail.dev,17-04-2025,scale,VDMAA5IY,no
SGN-0-000651,kunibo25@delta-post.net,06-02-2025,growth,QVUOXMUO,yes
SGN-0-000652,bizeve12@arcline.io,24-08-2025,starter,,no
SGN-0-000653,takoli37@eastwind.co,27-06-2025,scale,RSPDM3FZ,no
SGN-0-000654,@eastwind.co,27-03-2024,scale,,yes
SGN-0-000655,dazumu27@corvus.org,16-02-2025,scale,58SAUSIY,yes
SGN-0-000656,lerele56@eastwind.co,06-08-2025,growth,,yes
SGN-0-000657,virigo74@brightmail.dev,23-05-2024,scale,,no
SGN-0-000658,nemeza67@eastwind.co,06-05-2025,growth,4N1LW5DZ,no
SGN-0-000659,fakano85@brightmail.dev,26-08-2024,starter,,yes
SGN-0-000660,nenuni15@arcline.io,12-03-2025,scale,,yes
SGN-0-000661,vagibi93@delta-post.net,11-05-2024,growth,DJJ3GPW0,yes
SGN-0-000662,vusizu11@delta-post.net,03-10-2025,growth,UFXW1EXG,no
SGN-0-000663,simovo96@brightmail.dev,23-04-2025,growth,79XACOC2,yes
SGN-0-000664,musine80@arcline.io,10-09-2025,growth,GGSCEWBW,no
SGN-0-000665,cecapa26@corvus.org,08-05-2025,growth,3BT5IU7S,yes
SGN-0-000666,femusa83@arcline.io,01-11-2024,growth,,no
SGN-0-000667,zikopi20@delta-post.net,14-02-2024,growth,01QFT0LJ,no
SGN-0-000668,rubaso92@eastwind.co,23-12-2024,growth,,no
SGN-0-000669,kulute75@arcline.io,28-01-2025,growth,C35VQALV,no
SGN-0-000670,resuga47@corvus.org,06-09-2025,starter,KJAUW6KJ,no
SGN-0-000671,dumezo84@delta-post.net,27-12-2024,growth,36S30S51,yes
SGN-0-000672,vogoci41@delta-post.net,15-01-2024,growth,,yes
SGN-0-000673,volasu46@corvus.org,04-09-2025,scale,,yes
SGN-0-000674,zadaci55@brightmail.dev,07-10-2025,growth,CFT24EAJ,yes
SGN-0-000675,zutepi11@eastwind.co,14-05-2025,scale,4YS603I3,no
SGN-0-000676,durade46@corvus.org,25-02-2025,scale,,no
SGN-0-000677,tuzino22@brightmail.dev,05-03-2024,starter,RX0FGXUR,no
SGN-0-000678,fetuni48@arcline.io,16-12-2024,growth,,no
SGN-0-000679,biraco41@arcline.io,11-09-2024,scale,BRGHNNS9,no
SGN-0-000680,zifumu30@corvus.org,25-06-2025,starter,,yes
SGN-0-000681,tapubu62@eastwind.co,01-06-2025,starter,Q9URSENN,no
SGN-0-000682,supepa67@arcline.io,19-08-2025,growth,,no
SGN-0-000683,sukoci82@delta-post.net,01-08-2025,scale,LNF6V9QB,no
SGN-0-000684,necupu76@corvus.org,08-11-2024,starter,ZBUZUDH0,no
SGN-0-000685,ketiri15@eastwind.co,22-02-2024,growth,,no
SGN-0-000686,vugivi15@delta-post.net,24-10-2025,starter,6PRI7XIF,yes
SGN-0-000687,savulu23@corvus.org,03-09-2024,starter,,no
SGN-0-000688,docure88@delta-post.net,13-07-2025,starter,1TUUD9U3,yes
SGN-0-000689,tupaka88@corvus.org,23-11-2025,growth,,yes
SGN-0-000690,lerovi71@eastwind.co,12-09-2024,starter,J45TA6F3,yes
SGN-0-000691,rogude53@corvus.org,02-10-2024,scale,3PNCJONM,yes
SGN-0-000692,dudube25@brightmail.dev,12-04-2025,growth,,yes
SGN-0-000693,sabevo28@eastwind.co,23-01-2025,starter,JEUBTN1N,yes
SGN-0-000694,vozolu67@brightmail.dev,02-07-2024,growth,E3UV6GHR,no
SGN-0-000695,medice90@eastwind.co,07-10-2025,growth,QSBTR0IC,no
SGN-0-000696,pukane91@corvus.org,06-06-2024,scale,,yes
SGN-0-000697,pagema20@arcline.io,16-10-2024,scale,X9Z5P2YE,no
SGN-0-000698,nisuzo74@arcline.io,10-03-2025,growth,38JP7BUF,yes
SGN-0-000699,vuleri25@corvus.org,23-05-2025,growth,OV4CS0HD,no
SGN-0-000700,zunilo82@delta-post.net,16-05-2024,scale,Y5FG68SL,yes
SGN-0-000701,subodu70@corvus.org,24-11-2024,growth,ZQ3NCGGH,yes
SGN-0-000702,mucero82@delta-post.net,26-02-2024,scale,,no
SGN-0-000703,diluki98@delta-post.net,24-01-2025,starter,ILPZBJ62,no
SGN-0-000704,fufosi52@brightmail.dev,15-08-2024,starter,1N8NQ6S8,yes
SGN-0-000705,zapasi21@arcline.io,06-06-2024,scale,,no
SGN-0-000706,sezicu77@arcline.io,09-02-2025,scale,60TOSLA7,yes
SGN-0-000707,pumafe54@corvus.org,19-10-2025,starter,HLNSVD9Y,yes
SGN-0-000708,fagolo93@arcline.io,22-09-2024,starter,249WGZ92,yes
SGN-0-000709,retima52@brightmail.dev,26-09-2024,scale,7TTVZ58B,yes
SGN-0-000710,dikoli80@corvus.org,24-08-2024,scale,,yes
SGN-0-000711,genogo68@corvus.org,27-03-2025,growth,YQBCLS1D,yes
SGN-0-000712,fopabe52@delta-post.net,03-06-2025,growth,,no
SGN-0-000713,pirava31@eastwind.co,07-03-2025,scale,,no
SGN-0-000714,vikife79@brightmail.dev,13-10-2024,starter,2LGGHXDI,no
SGN-0-000715,riguca10@delta-post.net,15-06-2024,scale,,no
SGN-0-000716,tosica74@eastwind.co,03-04-2025,starter,,no
SGN-0-000717,nesove54@corvus.org,21-07-2025,scale,7NN0582P,yes
SGN-0-000718,zogito19@corvus.org,06-06-2025,scale,,no
SGN-0-000719,pecagi46@delta-post.net,18-09-2024,starter,,no
SGN-0-000720,zicuro69@eastwind.co,28-11-2025,starter,3RVQZ2SI,yes
SGN-0-000721,naseba60@eastwind.co,16-06-2025,scale,FMR4FWKD,yes
SGN-0-000722,veriri91@corvus.org,03-12-2025,starter,HJAPNBBN,no
SGN-0-000723,pimusi76@brightmail.dev,11-11-2024,growth,BK3NC8S2,yes
SGN-0-000724,zeleza33@corvus.org,13-05-2024,starter,8KHQ5WJ7,yes
SGN-0-000725,@corvus.org,06-05-2025,scale,9TLH46Y5,yes
SGN-0-000726,susalu42@arcline.io,08-12-2025,growth,,no
SGN-0-000727,liveno50@delta-post.net,07-08-2024,starter,U5HJHVJW,yes
SGN-0-000728,cenane97@brightmail.dev,22-04-2025,starter,TECPL30D,no
SGN-0-000729,larolu92@brightmail.dev,05-04-2024,growth,,no
SGN-0-000730,dofaze84@eastwind.co,03-08-2024,starter,R7QJIH0V,no
SGN-0-000731,dimeri83@brightmail.dev,11-01-2025,starter,,yes
SGN-0-000732,dodizo63@corvus.org,07-03-2025,growth,GE8MK7S4,yes
SGN-0-000733,kafoka18@brightmail.dev,11-10-2024,growth,NE6J23G2,no
,covibu33@arcline.io,14-11-2025,starter,N2MC7TYR,yes
SGN-0-000735,sokisa80@eastwind.co,17-05-2025,scale,,yes
SGN-0-000736,lipike57@delta-post.net,17-04-2025,starter,,no
SGN-0-000737,zimara28@arcline.io,,scale,7ZFNUN9F,yes
SGN-0-000738,sitizu84@eastwind.co,15-07-2024,growth,,yes
SGN-0-000739,rakala49@delta-post.net,19-07-2025,growth,O0GCQX1E,yes
SGN-0-000740,gifena10@brightmail.dev,03-10-2025,starter,3BWKO9FU,no
SGN-0-000741,sekadi82@brightmail.dev,02-07-2024,growth,,yes
SGN-0-000742,mufavu75@arcline.io,19-08-2025,scale,9QW8CMUT,yes
SGN-0-000743,zadeba25@corvus.org,22-07-2024,scale,7HGZMK5Z,no
SGN-0-000744,roputi42@corvus.org,03-09-2024,starter,28VV5MNI,no
SGN-0-000745,tunesi50@delta-post.net,11-09-2025,growth,,no
SGN-0-000746,bomiru36@delta-post.net,19-06-2025,growth,,no
SGN-0-000747,kacefa17@delta-post.net,19-04-2025,scale,,yes
SGN-0-000748,tasuma39@corvus.org,20-06-2024,starter,9X66RMUN,yes
SGN-0-000749,comodi64@eastwind.co,13-09-2025,growth,S3LHAQCX,no
SGN-0-000750,lebulu65@arcline.io,05-12-2025,scale,1UD7DEMB,yes
SGN-0-000751,dacafe66@eastwind.co,19-02-2024,scale,UX6F63CC,yes
SGN-0-000752,zakana40@eastwind.co,09-06-2025,scale,O5HN5I01,no
SGN-0-000753,rigeni23@delta-post.net,01-08-2024,scale,IO2H0B5I,no
SGN-0-000754,cifazo29@brightmail.dev,19-11-2025,scale,,yes
SGN-0-000755,nudasi33@arcline.io,20-02-2024,scale,VKSXYTKF,no
SGN-0-000756,rucafa80@corvus.org,02-06-2025,starter,XYJRPFZL,no
SGN-0-000757,cubige18@brightmail.dev,04-05-2024,scale,,no
SGN-0-000758,rodute73@corvus.org,24-01-2025,starter,LKC0WVL0,yes
SGN-0-000759,nagica59@arcline.io,16-01-2024,growth,,yes
SGN-0-000760,nulora53@corvus.org,28-06-2025,scale,PSHBNF8L,no
SGN-0-000761,zatidi94@corvus.org,26-11-2025,starter,,no
SGN-0-000762,sacuva57@corvus.org,16-09-2025,starter,,yes
SGN-0-000763,fumova12@brightmail.dev,20-09-2025,growth,,no
SGN-0-000764,fasede29@delta-post.net,21-04-2025,scale,B6KXMOIE,yes
SGN-0-000765,dudage49@arcline.io,27-10-2024,growth,NHJVWMZQ,yes
SGN-0-000766,visosu90@delta-post.net,19-09-2025,growth,,yes
SGN-0-000767,corete55@eastwind.co,20-10-2025,starter,,yes
SGN-0-000768,lugibi83@arcline.io,20-02-2024,growth,O0SSBV3Y,yes
SGN-0-000769,gateda73@corvus.org,12-12-2024,growth,,yes
SGN-0-000770,sineli42@corvus.org,15-05-2025,starter,E16DPMSG,yes
SGN-0-000771,rifuba96@eastwind.co,08-08-2025,scale,,no
SGN-0-000772,surife16@eastwind.co,10-10-2025,starter,,no
SGN-0-000773,bovele65@arcline.io,14-04-2024,growth,U4HUVRQQ,yes
SGN-0-000774,gadile38@eastwind.co,28-12-2025,scale,6R0TGKSG,no
SGN-0-000775,ninapa34@corvus.org,19-12-2025,starter,,yes
SGN-0-000776,petima95@delta-post.net,25-12-2024,scale,,no
SGN-0-000777,macoze26@corvus.org,10-09-2024,scale,SRZU6M29,no
SGN-0-000778,mufoka51@corvus.org,10-12-2025,scale,,no
SGN-0-000779,duripu96@delta-post.net,07-03-2024,growth,,yes
SGN-0-000780,@corvus.org,03-11-2024,starter,06STWFMB,no
SGN-0-000781,luteru60@brightmail.dev,23-03-2025,growth,44SLFRAY,yes
SGN-0-000782,ponote84@corvus.org,09-02-2024,starter,,no
SGN-0-000783,gozice29@brightmail.dev,15-08-2024,scale,,yes
SGN-0-000784,vovupo53@corvus.org,19-08-2025,growth,KG6RHHZ6,yes
SGN-0-000785,mificu79@delta-post.net,11-05-2024,growth,,yes
SGN-0-000786,dedulo80@corvus.org,06-09-2025,growth,UQALJZWV,no
SGN-0-000787,kidocu15@eastwind.co,09-01-2024,starter,D672D80X,yes
SGN-0-000788,tizaku91@corvus.org,10-09-2025,growth,,yes
SGN-0-000789,mivica88@delta-post.net,04-10-2025,starter,,yes
SGN-0-000790,dipuni22@eastwind.co,20-07-2024,growth,PAT8VR2H,no
SGN-0-000791,zasuna84@eastwind.co,25-01-2024,starter,,yes
SGN-0-000792,sabilu58@delta-post.net,07-03-2024,growth,T252Z1YZ,yes
SGN-0-000793,rugedo64@delta-post.net,16-09-2024,scale,,no
SGN-0-000794,kavoda47@arcline.io,03-05-2024,growth,,yes
SGN-0-000795,belame99@brightmail.dev,04-04-2025,scale,7TNIYDQZ,no
SGN-0-000796,tedita31@eastwind.co,05-09-2024,starter,YE6E5D90,yes
SGN-0-000797,citopa99@delta-post.net,23-06-2025,scale,19IUHSS7,no
SGN-0-000798,deneto39@delta-post.net,17-03-2024,growth,8U8XDBT8,yes
SGN-0-000799,zosuno28@delta-post.net,28-02-2024,scale,CCHO4ITS,no
SGN-0-000800,tacile18@brightmail.dev,05-12-2025,starter,3VL7FUVL,yes
SGN-0-000801,favepu66@arcline.io,25-08-2024,growth,YG3T66UC,yes
SGN-0-000802,viruto37@arcline.io,27-06-2024,scale,8QDGS680,no
SGN-0-000803,sevafi49@arcline.io,11-02-2024,starter,F22TLBJ5,no
SGN-0-000804,geroka69@eastwind.co,07-04-2024,starter,PCFE73OI,yes
SGN-0-000805,duvelu84@eastwind.co,24-08-2025,starter,HX5C7JYJ,no
SGN-0-000806,dedeva21@corvus.org,08-08-2024,scale,K72X5M5F,no
SGN-0-000807,nezapo70@delta-post.net,24-01-2025,starter,,no
SGN-0-000808,vefoka64@delta-post.net,16-09-2025,starter,,no
SGN-0-000809,dibezo85@delta-post.net,22-08-2025,growth,,no
SGN-0-000810,tesiru56@corvus.org,01-09-2025,scale,8GDT3SSY,no
SGN-0-000811,bodafe40@corvus.org,15-09-2024,starter,GQ40DX0B,yes
SGN-0-000812,pename70@arcline.io,11-05-2025,growth,4UJT0RGV,yes
SGN-0-000813,nelefo82@eastwind.co,10-09-2024,growth,Q7UYBPXR,yes
SGN-0-000814,nofava15@delta-post.net,14-11-2025,starter,METFVXJP,yes
SGN-0-000815,bapuku74@corvus.org,17-10-2024,growth,SQST88FR,no
SGN-0-000816,pitezi31@brightmail.dev,19-08-2024,scale,3YDIEPGQ,no
SGN-0-000817,pizine69@delta-post.net,09-11-2024,scale,,no
SGN-0-000818,gulige49@arcline.io,27-07-2024,starter,,yes
SGN-0-000819,vigiti17@arcline.io,05-02-2024,scale,E8UM2N3R,yes
SGN-0-000820,dafazo65@brightmail.dev,23-02-2024,starter,,yes
SGN-0-000821,fotadu23@arcline.io,13-01-2024,starter,66GVCLMR,no
SGN-0-000822,fovena95@corvus.org,11-11-2024,growth,,no
SGN-0-000823,vorogi60@corvus.org,18-05-2024,scale,,yes
SGN-0-000824,kiluro55@brightmail.dev,04-11-2024,starter,,no
SGN-0-000825,satopa18@brightmail.dev,10-12-2024,starter,,yes
,tucagu45@brightmail.dev,12-09-2025,scale,GC2SOP9H,yes
SGN-0-000827,giluzo86@delta-post.net,08-09-2025,scale,,no
SGN-0-000828,dilase58@delta-post.net,09-01-2025,starter,,no
SGN-0-000829,memadi20@brightmail.dev,17-10-2025,growth,HBRXO6F4,yes
SGN-0-000830,sekuno86@arcline.io,10-02-2025,scale,,yes
SGN-0-000831,dufufi62@eastwind.co,21-07-2024,growth,,yes
SGN-0-000832,perivo11@delta-post.net,07-02-2024,scale,H4P8411E,yes
SGN-0-000833,tucoco69@delta-post.net,22-06-2025,starter,CPIV69PK,no
SGN-0-000834,cocodo24@arcline.io,04-09-2025,growth,,no
SGN-0-000835,nocafi74@delta-post.net,09-12-2024,starter,6X0GH502,no
SGN-0-000836,gusilu39@delta-post.net,19-10-2024,starter,911VB12A,no
SGN-0-000837,gefake59@eastwind.co,06-05-2024,scale,EWAL9608,yes
SGN-0-000838,paboro96@eastwind.co,20-03-2024,scale,,yes
SGN-0-000839,tonuzo25@corvus.org,21-08-2025,starter,,yes
SGN-0-000840,vigemo26@brightmail.dev,15-09-2024,growth,,no
SGN-0-000841,difuki76@eastwind.co,06-09-2024,starter,,yes
SGN-0-000842,netile68@arcline.io,17-12-2024,growth,,yes
SGN-0-000843,morama55@arcline.io,24-11-2025,starter,,yes
SGN-0-000844,topape59@eastwind.co,20-06-2024,scale,LSFSLGHB,no
SGN-0-000845,fevacu31@eastwind.co,11-03-2025,growth,KI5WYPST,yes
SGN-0-000846,ruderu65@brightmail.dev,01-02-2024,starter,7NSQ6JAC,yes
SGN-0-000847,vecoma62@arcline.io,28-09-2024,starter,QMRFR308,no
SGN-0-000848,tocemi77@eastwind.co,06-05-2025,growth,X2XN3JGC,yes
SGN-0-000849,lobilo14@corvus.org,11-10-2025,growth,,no
